City_ID,City,Lat,Lng,Max Temp,Humidity,Cloudiness,Wind Speed,Country,Date
0,cabo san lucas,22.8909,-109.9124,32.01,54,80,0.45,MX,1699991945
1,lionel town,17.8101,-77.2406,32.94,68,99,6.62,JM,1699992026
2,blackmans bay,-43.0167,147.3167,9.29,70,58,1.37,AU,1699992026
3,isabela,6.7085,121.9711,26.11,86,59,0.61,PH,1699992026
4,matoury,4.8483,-52.3317,29.98,70,20,4.63,GF,1699992027
5,thompson,55.7435,-97.8558,0.09,93,100,6.17,CA,1699991961
6,georgetown,5.4112,100.3354,26.68,92,20,1.54,MY,1699992008
7,albany,42.6001,-73.9662,8.23,64,92,4.47,US,1699991744
8,port-aux-francais,-49.35,70.2167,2.98,75,93,11.72,TF,1699992029
9,tiksi,71.6872,128.8694,-14.14,89,100,4.74,RU,1699992029
10,coruripe,-10.1256,-36.1756,26.77,75,14,7.21,BR,1699992029
11,hermanus,-34.4187,19.2345,18.17,77,100,5.42,ZA,1699992031
12,broken hill,-31.95,141.4333,16.31,48,86,4.51,AU,1699991954
13,griffith,41.5284,-87.4237,17.75,27,0,5.66,US,1699992034
14,qaqortoq,60.7167,-46.0333,-4.61,85,91,1.59,GL,1699992037
15,sitka,57.0531,-135.33,4.84,74,100,7.73,US,1699992039
16,bamboo flat,11.7,92.7167,25.05,94,75,1.03,IN,1699992040
17,north battleford,52.7834,-108.2847,4.11,60,0,7.72,CA,1699992041
18,kimbe,-5.5502,150.1429,22.97,84,97,1.37,PG,1699992041
19,palmer,42.1584,-72.3287,9.02,59,75,5.66,US,1699992007
20,ushuaia,-54.8,-68.3,8.79,49,75,2.24,AR,1699991833
21,geraldton,-28.7667,114.6,20.23,77,100,3.6,AU,1699992041
22,stiens,53.2623,5.7577,10.99,90,20,3.6,NL,1699992042
23,charlottetown,46.2352,-63.1267,3.29,81,100,4.12,CA,1699992042
24,st. john's,47.5649,-52.7093,0.54,80,100,4.12,CA,1699991750
25,adamstown,-25.066,-130.1015,23.02,85,100,9.53,PN,1699992043
26,edinburgh of the seven seas,-37.0676,-12.3116,13.66,71,100,7.62,SH,1699992043
27,defiance,41.3334,-84.45,15.04,35,0,3.09,US,1699991746
28,lebu,-37.6167,-73.65,10.73,66,1,9.41,CL,1699992043
29,sechura,-5.5569,-80.8222,19.75,91,49,7.82,PE,1699992044
30,yellowknife,62.456,-114.3525,-5.33,99,100,3.6,CA,1699992044
31,bethel,41.3712,-73.414,11.46,55,14,1.79,US,1699992044
32,aransas pass,27.9095,-97.15,23.87,76,0,4.12,US,1699992045
33,minas de marcona,-15.2119,-75.1103,24.73,46,0,3.65,PE,1699992045
34,vernon,50.2581,-119.2691,8.12,59,97,1.03,CA,1699992045
35,mumbwa,-14.9783,27.0619,24.22,41,43,3.04,ZM,1699992045
36,waitangi,-43.9535,-176.5597,16.01,87,90,3.58,NZ,1699992046
37,crane,31.3974,-102.3501,17.05,62,97,2.79,US,1699992046
38,merizo village,13.2658,144.6691,28.1,83,70,11.04,GU,1699992046
39,petropavlovsk-kamchatsky,53.0452,158.6483,-6.42,71,0,5.81,RU,1699992047
40,sinop,41.7711,34.8709,10.59,59,5,2.17,TR,1699992047
41,hawaiian paradise park,19.5933,-154.9731,23.28,97,100,5.66,US,1699991800
42,avare,-23.0986,-48.9258,33.51,28,29,5.84,BR,1699992047
43,tolanaro,-25.0319,46.9987,23.04,60,75,2.06,MG,1699992047
44,ribeira grande,38.5167,-28.7,21.22,94,75,6.69,PT,1699992048
45,grytviken,-54.2811,-36.5092,4.67,88,68,1.72,GS,1699992048
46,mawu,29.5923,107.3139,10.31,85,100,0.65,CN,1699992048
47,fabens,31.5023,-106.1586,18.65,53,100,1.32,US,1699992048
48,bilibino,68.0546,166.4372,-24.51,100,98,0.88,RU,1699992049
49,letlhakeng,-24.0944,25.0298,20.25,60,0,7.86,BW,1699992050
50,yangquan,37.8575,113.5633,3.95,37,41,1.85,CN,1699992050
51,lycksele,64.5954,18.6735,-15.93,99,98,1.64,SE,1699992050
52,bambanglipuro,-7.95,110.2833,24.76,95,84,0.45,ID,1699992051
53,boa viagem,-5.1275,-39.7322,35.41,25,58,3.16,BR,1699992051
54,greymouth,-42.4667,171.2,13.45,86,92,3.98,NZ,1699992023
55,kununurra,-15.7667,128.7333,25.99,89,100,2.57,AU,1699991880
56,daru,-9.0763,143.2092,23.83,82,49,2.1,PG,1699992051
57,anamur,36.0751,32.8369,17.11,69,5,4.43,TR,1699992052
58,chibougamau,49.9168,-74.3659,-1.21,93,100,3.09,CA,1699992052
59,sisimiut,66.9395,-53.6735,-9.49,85,20,3.08,GL,1699992052
60,iskateley,67.6803,53.1512,-7.77,96,100,4.02,RU,1699992052
61,riosucio,5.4216,-75.7032,22.78,82,92,1.08,CO,1699992053
62,olonkinbyen,70.9221,-8.7187,-2.09,70,88,2.17,SJ,1699992053
63,puerto natales,-51.7236,-72.4875,7.25,57,75,13.38,CL,1699992053
64,alvesta,56.8993,14.5556,4.15,85,100,5.66,SE,1699992053
65,hithadhoo,-0.6,73.0833,27.31,81,76,4.44,MV,1699992054
66,port mathurin,-19.6833,63.4167,25.79,80,100,6.39,MU,1699992054
67,las vegas,36.175,-115.1372,22.91,25,0,3.09,US,1699991965
68,tangalle,6.024,80.7911,24.33,96,100,1.45,LK,1699992054
69,hirara,24.8,125.2833,22.15,64,75,5.14,JP,1699992054
70,timbuktu,16.7735,-3.0074,27.19,12,0,4.33,ML,1699992055
71,el matama,16.7095,33.3565,33.04,22,95,4.24,SD,1699992055
72,nar'yan-mar,67.6713,53.087,-7.72,96,100,4.02,RU,1699992055
73,chonchi,-42.6128,-73.8092,12.29,68,98,3.83,CL,1699992056
74,i-n-salah,27.1935,2.4607,23.94,25,0,6.13,DZ,1699992056
75,touros,-5.1989,-35.4608,27.04,83,6,8.3,BR,1699992056
76,arkhangel'sk,64.5401,40.5433,-3.26,91,100,3.6,RU,1699992057
77,tsiombe,-25.3,45.4833,18.49,74,51,2.52,MG,1699992057
78,guerrero negro,27.9769,-114.0611,22.25,50,100,2.82,MX,1699992057
79,udachny,66.4167,112.4,-10.86,85,100,6.12,RU,1699992057
80,raymondville,26.4815,-97.7831,24.59,54,9,5.03,US,1699992059
81,sao joao da barra,-21.6403,-41.0511,31.05,64,19,6.02,BR,1699992060
82,newman,37.3138,-121.0208,23.46,27,0,3.05,US,1699992007
83,mount isa,-20.7333,139.5,18.87,72,0,0.0,AU,1699992060
84,kodiak,57.79,-152.4072,3.47,74,81,3.66,US,1699992061
85,ilulissat,69.2167,-51.1,-3.99,68,75,6.17,GL,1699992061
86,jamestown,42.097,-79.2353,10.85,54,0,1.79,US,1699991951
87,badger,64.8,-147.5333,-3.86,94,100,1.03,US,1699992062
88,cidreira,-30.1811,-50.2056,21.51,87,100,2.03,BR,1699992062
89,mejit,10.2753,170.8646,27.98,78,100,8.62,MH,1699992063
90,aasiaat,68.7098,-52.8699,-10.69,90,51,3.73,GL,1699992063
91,tsaratanana,-16.7833,47.65,26.38,64,39,0.87,MG,1699992063
92,hobyo,5.3505,48.5268,27.57,80,83,2.92,SO,1699992064
93,ardud,47.6333,22.8833,11.05,76,75,4.63,RO,1699992064
94,merowe,18.4833,31.8167,30.07,34,45,7.93,SD,1699992064
95,uturoa,-16.7333,-151.4333,26.73,82,96,6.79,PF,1699992065
96,kailua-kona,19.6406,-155.9956,27.93,68,40,1.54,US,1699991856
97,east london,-33.0153,27.9116,16.56,73,20,6.16,ZA,1699992065
98,truckee,39.328,-120.1833,15.01,27,20,4.63,US,1699991838
99,port elizabeth,-33.918,25.5701,18.16,80,0,8.23,ZA,1699992066
100,saipan,15.1355,145.701,28.23,70,14,9.79,MP,1699992066
101,new norfolk,-42.7826,147.0587,9.95,77,71,0.98,AU,1699992067
102,alice springs,-23.7,133.8833,21.75,37,75,0.0,AU,1699992067
103,utrik,11.2278,169.8474,27.87,83,99,9.59,MH,1699992068
104,iqaluit,63.7506,-68.5145,-8.15,73,75,3.09,CA,1699992068
105,kaltan,53.5347,87.2457,1.16,98,100,4.05,RU,1699992068
106,nova vicosa,-17.8919,-39.3719,26.64,70,4,7.28,BR,1699992008
107,hamilton,39.1834,-84.5333,17.55,30,50,0.89,US,1699992069
108,eenhana,-17.4667,16.3333,27.78,39,76,1.11,NA,1699992069
109,flying fish cove,-10.4217,105.6791,23.82,94,100,3.09,CX,1699992069
110,papatowai,-46.5619,169.4708,9.52,58,10,4.73,NZ,1699992069
111,margaret river,-33.95,115.0667,16.45,75,74,7.23,AU,1699992070
112,saraktash,51.7866,51.7866,4.57,63,100,2.08,RU,1699992070
113,zeya,53.75,127.2667,-7.51,71,9,0.95,RU,1699992070
114,shaowu,27.3409,117.4831,9.45,95,9,0.46,CN,1699992070
115,rongelap,11.1635,166.8941,27.92,82,100,9.36,MH,1699992071
116,tazacorte,28.629,-17.9293,21.54,83,20,4.12,ES,1699992071
117,dakhla,23.6848,-15.958,22.57,62,100,5.84,EH,1699992071
118,yazman,29.1212,71.7446,19.91,32,3,2.56,PK,1699992072
119,lihue,21.9789,-159.3672,26.58,63,100,5.28,US,1699992072
120,puerto ayora,-0.7393,-90.3518,27.98,96,56,2.68,EC,1699992072
121,sihanoukville,10.6093,103.5296,25.97,94,40,2.06,KH,1699992072
122,falam,22.9167,93.6833,13.39,96,100,0.42,MM,1699992073
123,avarua,-21.2078,-159.775,21.03,83,100,1.54,CK,1699992073
124,nakasongola,1.3089,32.4564,18.96,93,97,0.65,UG,1699992073
125,shakawe,-18.3667,21.85,26.34,47,56,3.32,BW,1699992073
126,dryden,49.7833,-92.7503,9.16,53,0,6.17,CA,1699992073
127,alvaraes,-3.2208,-64.8042,33.93,26,19,2.35,BR,1699992074
128,kolondieba,11.0882,-6.8926,28.55,16,6,1.69,ML,1699992074
129,errachidia,31.9275,-4.4285,22.03,21,0,0.0,MA,1699992074
130,saint-francois,46.4154,3.9054,12.69,82,20,5.14,FR,1699992074
131,chinde,26.8418,88.0763,13.26,82,100,2.45,NP,1699992075
132,lahat,-3.8,103.5333,22.89,98,99,0.6,ID,1699992075
133,kingston,17.997,-76.7936,32.53,68,20,11.83,JM,1699991981
134,port alfred,-33.5906,26.891,17.32,79,27,2.68,ZA,1699992076
135,bouake,7.6895,-5.0218,25.06,73,20,2.06,CI,1699992076
136,haiku-pauwela,20.9219,-156.3051,26.39,60,98,10.03,US,1699992076
137,rio rancho,35.2334,-106.6645,17.02,51,0,3.13,US,1699992077
138,polyarnyy,69.1989,33.4478,-9.91,98,95,2.79,RU,1699992077
139,ituango,7.1712,-75.764,21.62,95,100,0.96,CO,1699992077
140,veinticinco de mayo,-35.4323,-60.1727,26.66,33,76,1.34,AR,1699992077
141,kupino,54.3663,77.2981,2.96,80,100,6.96,RU,1699992078
142,hasaki,35.7333,140.8333,10.16,80,91,4.95,JP,1699992078
143,lazaro cardenas,17.9583,-102.2,30.37,67,6,3.81,MX,1699992078
144,punta arenas,-53.15,-70.9167,7.06,70,40,5.66,CL,1699992018
145,caraballeda,10.6112,-66.8522,33.04,66,20,3.09,VE,1699992078
146,bredasdorp,-34.5322,20.0403,16.0,88,73,2.48,ZA,1699992079
147,invercargill,-46.4,168.35,10.57,66,17,4.02,NZ,1699992079
148,fada,9.5667,8.3,24.82,33,86,1.82,NG,1699992079
149,namibe,-15.1961,12.1522,22.54,81,98,2.55,AO,1699992080
150,paita,-5.0892,-81.1144,19.74,90,48,8.53,PE,1699992080
151,puerto san jose,13.9256,-90.8244,30.93,68,97,2.74,GT,1699992080
152,dudinka,69.4058,86.1778,-17.39,92,100,8.61,RU,1699992081
153,ugoofaaru,5.6667,73.0,27.62,74,11,0.48,MV,1699992081
154,ilheus,-14.7889,-39.0494,27.9,69,0,5.14,BR,1699992045
155,san miguel el alto,21.0167,-102.35,24.19,36,0,2.76,MX,1699992081
156,quelimane,-17.8786,36.8883,24.97,88,75,6.26,MZ,1699992082
157,amga,60.8953,131.9608,-18.27,98,100,1.35,RU,1699992082
158,stanley,54.868,-1.6985,8.77,95,75,0.51,GB,1699992082
159,vila franca do campo,37.7167,-25.4333,20.23,99,100,4.81,PT,1699992083
160,"laikit, laikit ii (dimembe)",1.4792,124.9735,22.47,100,40,1.03,ID,1699992083
161,rasshevatskaya,45.5748,41.035,5.74,82,100,3.11,RU,1699992084
162,saint-philippe,-21.3585,55.7679,23.77,92,100,2.02,RE,1699992085
163,beyneu,45.3167,55.2,12.32,34,7,6.13,KZ,1699992085
164,jinghong,21.991,100.7341,20.81,97,99,0.9,CN,1699992086
165,anadyr,64.75,177.4833,-21.72,77,0,8.0,RU,1699992086
166,labrador city,52.9463,-66.9114,-8.05,79,40,1.03,CA,1699992086
167,santiago de cao,-7.9589,-79.2392,21.07,78,0,5.14,PE,1699992078
168,hadibu,12.65,54.0333,27.21,80,79,5.61,YE,1699992087
169,suva,-18.1416,178.4415,25.71,94,75,10.29,FJ,1699992088
170,ancud,-41.8697,-73.8203,9.34,61,100,5.35,CL,1699991829
171,san matias,-16.3667,-58.4,33.66,36,97,2.86,BO,1699992089
172,longyearbyen,78.2186,15.6401,-11.09,67,75,3.09,SJ,1699992089
173,ust-tsilma,65.441,52.1498,-1.88,97,100,2.68,RU,1699992090
174,miguel ahumada,30.6167,-106.5167,18.22,48,78,0.3,MX,1699992090
175,akureyri,65.6835,-18.0878,2.96,65,20,3.6,IS,1699992091
176,pacific grove,36.6177,-121.9166,21.61,58,0,2.57,US,1699992035
177,mount gambier,-37.8333,140.7667,7.45,96,98,0.55,AU,1699991948
178,college,64.8569,-147.8028,-3.82,98,99,0.95,US,1699992092
179,wewak,-3.5534,143.6268,24.9,92,84,2.24,PG,1699992092
180,vilyuchinsk,52.9306,158.4028,-5.6,84,100,3.39,RU,1699992093
181,nikolayevsk-on-amure,53.1406,140.73,-15.01,97,61,0.47,RU,1699992093
182,prince rupert,54.3161,-130.3201,7.83,66,75,9.77,CA,1699991891
183,hammerfest,70.6634,23.6821,1.25,86,75,5.66,NO,1699992094
184,the pinery,39.4553,-104.7344,20.22,10,20,0.0,US,1699991910
185,abashiri,44.0213,144.2697,-0.26,81,33,3.57,JP,1699991997
186,kerikeri,-35.2268,173.9474,15.51,94,18,0.89,NZ,1699992096
187,wailua homesteads,22.0669,-159.378,26.24,73,100,2.68,US,1699992096
188,sarkand,45.41,79.9186,4.31,45,10,2.04,KZ,1699992096
189,iwanai,42.9744,140.5089,3.05,74,99,1.53,JP,1699992097
190,saynshand,44.8824,110.1163,-7.42,76,85,2.77,MN,1699992098
191,nova sintra,14.8667,-24.7167,23.6,71,62,8.99,CV,1699992099
192,tromso,69.6496,18.957,-0.99,74,75,4.12,NO,1699992104
193,nuuk,64.1835,-51.7216,-6.71,77,100,3.8,GL,1699992105
194,guercif,34.2257,-3.3536,21.14,27,96,1.12,MA,1699992105
195,colonia,50.9333,6.95,11.13,84,100,9.77,DE,1699992000
196,okha,53.5739,142.9478,-6.33,86,99,2.77,RU,1699992105
197,suntar,62.1444,117.6319,-5.19,91,100,3.5,RU,1699992105
198,las palmas,28.4204,-14.0131,23.44,47,0,2.57,ES,1699992106
199,nemuro,43.3236,145.575,3.43,63,2,7.52,JP,1699992106
200,ust-nera,64.5667,143.2,-31.91,99,77,2.5,RU,1699992106
201,mili,6.0815,171.735,28.27,81,100,11.5,MH,1699992106
202,ulladulla,-35.35,150.4667,17.09,93,100,2.29,AU,1699992106
203,san luis de la loma,17.2706,-100.8939,30.22,71,8,2.65,MX,1699992107
204,richards bay,-28.783,32.0377,17.95,65,100,1.51,ZA,1699992107
205,natchez,31.5604,-91.4032,17.12,67,100,4.12,US,1699992010
206,kachkanar,58.7,59.4948,2.75,97,100,3.59,RU,1699992108
207,tiverton,50.9,-3.4833,11.7,91,20,3.6,GB,1699992108
208,atar,20.5169,-13.0499,27.39,16,43,4.22,MR,1699992108
209,talnakh,69.4865,88.3972,-19.85,99,100,5.06,RU,1699992108
210,dilling,12.05,29.65,28.28,31,14,3.75,SD,1699992108
211,papao,-17.75,-149.55,27.82,92,100,6.67,PF,1699992109
212,zuunmod,47.7069,106.9528,-14.43,95,100,2.65,MN,1699992109
213,mao,39.8885,4.2658,18.31,100,20,4.12,ES,1699992109
214,coxim,-18.5067,-54.76,39.23,18,54,1.03,BR,1699992109
215,cooma,-36.2333,149.1333,10.59,85,84,1.06,AU,1699992110
216,collinsville,38.6703,-89.9846,19.52,27,21,4.02,US,1699992110
217,puerto aysen,-45.4,-72.7,5.53,100,100,3.07,CL,1699992110
218,monrovia,6.3005,-10.7969,26.87,82,37,4.07,LR,1699992110
219,karratha,-20.7377,116.8463,22.55,56,2,6.12,AU,1699992110
220,darwin,-12.4611,130.8418,25.99,84,7,2.57,AU,1699992035
221,hampton bays,40.869,-72.5176,12.2,62,75,6.17,US,1699992111
222,kenai,60.5544,-151.2583,-3.81,97,100,5.14,US,1699991853
223,kone,-21.0595,164.8658,22.3,63,15,1.01,NC,1699992111
224,hovd,48.0056,91.6419,-6.22,61,1,3.04,MN,1699992111
225,constantia,44.1833,28.65,12.61,51,100,3.84,RO,1699992092
226,tinajo,29.0788,-13.7081,22.49,83,0,2.57,ES,1699992111
227,luanda,-8.8368,13.2343,27.0,83,40,4.12,AO,1699991861
228,niamey,13.5137,2.1098,32.16,10,0,3.09,NE,1699992112
229,as saffaniyah,27.9708,48.73,24.69,66,2,4.04,SA,1699992112
230,kirakira,-10.4544,161.9205,24.86,82,14,2.19,SB,1699992112
231,whitehorse,60.7161,-135.0538,-6.1,79,100,3.09,CA,1699992113
232,port hedland,-20.3167,118.5667,24.03,83,16,5.66,AU,1699992046
233,tarko-sale,64.9225,77.785,-5.94,95,100,9.88,RU,1699992113
234,antofagasta,-23.65,-70.4,18.6,66,87,4.55,CL,1699992027
235,al ghayzah,16.2079,52.176,27.08,72,98,4.69,YE,1699992113
236,kainantu,-6.2887,145.8655,15.31,96,100,1.26,PG,1699992115
237,lorengau,-2.0226,147.2712,26.23,81,16,2.42,PG,1699992115
238,outjo,-20.1167,16.15,25.11,46,100,5.25,NA,1699992116
239,ghat,24.9647,10.1728,21.31,33,0,2.38,LY,1699992116
240,mahriz,31.5917,54.4318,11.28,20,0,1.34,IR,1699992116
241,rawson,-43.3002,-65.1023,17.8,18,97,10.4,AR,1699992116
242,lokomotivnyy,53.0118,60.5684,5.23,73,100,6.26,RU,1699992117
243,melfi,40.9965,15.6514,12.75,87,85,3.94,IT,1699992117
244,klyuchi,52.2667,79.1667,2.9,78,42,5.16,RU,1699992117
245,pariaman,-0.619,100.12,24.03,93,95,1.49,ID,1699992117
246,necochea,-38.5473,-58.7368,14.41,54,0,6.27,AR,1699992039
247,niafunke,15.9322,-3.9906,28.99,11,0,4.99,ML,1699992118
248,ust'-kulom,61.6864,53.6902,1.72,98,100,3.15,RU,1699992118
249,kapuskasing,49.4169,-82.4331,3.0,70,75,7.2,CA,1699992004
250,la sarre,48.8002,-79.1996,0.78,89,95,3.21,CA,1699992119
251,arraial do cabo,-22.9661,-42.0278,31.98,70,0,6.17,BR,1699992119
252,ust'-ilimsk,58.0006,102.6619,-10.31,83,100,4.86,RU,1699992119
253,laurel,39.0993,-76.8483,15.77,43,0,4.12,US,1699992102
254,afaahiti,-17.75,-149.2833,26.93,89,100,6.77,PF,1699992120
255,khovd,48.0056,91.6419,-6.22,61,1,3.04,MN,1699992120
256,miragoane,18.4423,-73.0876,29.29,60,83,1.14,HT,1699992120
257,dunedin,-45.8742,170.5036,9.64,67,50,4.79,NZ,1699991999
258,vorgashor,67.5833,63.95,-9.68,96,100,1.9,RU,1699992121
259,tahmoor,-34.2167,150.5833,18.22,87,99,0.17,AU,1699992121
260,mishkino,55.3389,63.9175,4.14,76,100,6.06,RU,1699992122
261,talara,-4.5772,-81.2719,25.42,69,0,7.2,PE,1699992122
262,chorbane,35.2858,10.3858,20.86,40,4,4.25,TN,1699992122
263,wem,52.8583,-2.7183,11.57,89,40,4.12,GB,1699992123
264,dawson creek,55.7666,-120.2362,1.8,55,0,7.2,CA,1699991897
265,smithers,54.7804,-127.1743,1.18,93,75,2.57,CA,1699992050
266,kakogawacho-honmachi,34.7667,134.85,9.05,62,7,1.83,JP,1699992123
267,ujae,8.9322,165.7642,27.72,81,67,7.8,MH,1699992124
268,villa gesell,-37.2639,-56.973,25.03,49,3,3.43,AR,1699992124
269,akalkot,17.5333,76.2167,22.67,55,95,3.82,IN,1699992125
270,salinas,36.6777,-121.6555,22.54,56,20,8.23,US,1699991846
271,bandarbeyla,9.4942,50.8122,27.06,82,100,7.19,SO,1699992125
272,alaghsas,17.0187,8.0168,25.98,13,0,5.95,NE,1699992126
273,wang nam yen,13.5033,102.1812,22.31,93,15,3.27,TH,1699992126
274,bikenibeu village,1.3673,173.1241,28.98,79,100,4.63,KI,1699992126
275,longquan,24.6719,102.1613,13.14,99,80,1.93,CN,1699992126
276,scottburgh,-30.2867,30.7532,17.86,68,100,3.89,ZA,1699992127
277,northam,51.0333,-4.2167,13.14,90,18,9.82,GB,1699992127
278,ichnya,50.8626,32.3942,6.4,91,100,5.3,UA,1699992127
279,mhamid,29.82,-5.72,24.46,19,0,2.18,MA,1699992127
280,eyl,7.9803,49.8164,27.65,78,100,6.86,SO,1699992128
281,khandyga,62.6667,135.6,-27.65,96,98,1.34,RU,1699992128
282,altai,46.3722,96.2583,-13.19,85,48,3.49,MN,1699992128
283,waitara,-38.925,174.25,13.89,75,4,5.84,NZ,1699992129
284,luau,-10.7073,22.2247,18.86,93,98,1.2,AO,1699992129
285,bereznik,62.8551,42.7072,-1.71,97,100,2.96,RU,1699992129
286,mahina,-17.5065,-149.489,27.87,78,40,8.23,PF,1699992130
287,fort bragg,35.139,-79.006,20.46,26,0,2.57,US,1699992130
288,inirida,3.8653,-67.9239,32.13,58,94,1.08,CO,1699992130
289,asau,46.4333,26.4,11.51,76,99,2.9,RO,1699992130
290,caconda,-13.7333,15.0667,17.95,85,100,2.2,AO,1699992131
291,marsh harbour,26.5412,-77.0636,25.28,71,100,11.61,BS,1699992106
292,kruisfontein,-34.0033,24.7314,14.52,78,9,5.9,ZA,1699992131
293,brisas de zicatela,15.8369,-97.0419,30.79,60,16,2.77,MX,1699992132
294,zaterechnyy,44.7931,45.2097,7.46,66,100,6.68,RU,1699992132
295,leava,-14.3,-178.1667,28.49,87,46,7.38,WF,1699992133
296,connellsville,40.0178,-79.5895,14.14,53,1,1.34,US,1699992133
297,tual,-5.6667,132.75,27.62,71,28,2.42,ID,1699992133
298,thai binh,20.45,106.3333,19.97,71,100,2.49,VN,1699992133
299,naze,28.3667,129.4833,15.51,72,96,6.71,JP,1699992040
300,enewetak,11.3474,162.3373,28.3,80,86,9.36,MH,1699992134
301,san julian,21.0167,-102.1667,21.78,44,2,2.14,MX,1699992134
302,cartagena del chaira,1.3349,-74.8429,30.97,63,98,0.79,CO,1699992135
303,el granada,37.5027,-122.4694,22.67,60,40,8.75,US,1699992135
304,weno,7.4515,151.8468,25.97,94,100,2.06,FM,1699992135
305,kristiansund,63.1115,7.732,1.36,64,0,2.57,NO,1699992136
306,cumberland,35.0502,-78.8664,20.83,24,0,3.6,US,1699991939
307,atafu village,-8.5421,-172.5159,29.0,75,77,3.26,TK,1699992137
308,revda,56.801,59.9303,2.95,97,100,2.9,RU,1699992137
309,acarau,-2.8856,-40.12,27.29,86,15,11.34,BR,1699992072
310,san patricio,28.017,-97.5169,23.79,59,5,4.01,US,1699992138
311,fortuna,40.5982,-124.1573,14.4,98,0,9.26,US,1699992138
312,fale old settlement,-9.3852,-171.2468,28.85,76,70,4.35,TK,1699992139
313,pathein,16.7833,94.7333,24.15,88,14,2.36,MM,1699992139
314,belmonte,-15.8631,-38.8828,26.51,70,8,4.76,BR,1699992140
315,vila velha,-20.3297,-40.2925,29.97,76,0,9.26,BR,1699992140
316,harstad,68.799,16.5293,-0.47,68,15,0.93,NO,1699992141
317,al kharijah,25.4514,30.5464,21.41,38,0,4.47,EG,1699992141
318,saldanha,-33.0117,17.9442,23.03,47,6,3.94,ZA,1699992141
319,berezovyy,51.6667,135.7,-10.89,82,9,0.99,RU,1699992141
320,lesozavodsk,45.4794,133.4244,-9.26,92,32,2.47,RU,1699991873
321,nagqu,31.5,92.0,-2.23,49,100,1.64,CN,1699992142
322,port macquarie,-31.4333,152.9167,18.83,91,84,2.4,AU,1699992132
323,murzuq,25.9155,13.9184,19.87,49,0,4.39,LY,1699992143
324,mount pearl,47.5166,-52.7813,0.08,80,100,4.12,CA,1699992143
325,dazhou,31.2159,107.5009,12.58,85,100,1.29,CN,1699992143
326,al jawf,29.5,38.75,20.07,59,29,1.55,SA,1699992144
327,luderitz,-26.6481,15.1594,18.08,75,2,0.61,NA,1699992144
328,winnemucca,40.973,-117.7357,14.15,21,5,1.02,US,1699992144
329,topeka,39.0483,-95.678,21.21,39,0,7.2,US,1699992033
330,pyu,18.4833,96.4333,23.0,94,100,1.56,MM,1699992145
331,vadso,70.0744,29.7487,-1.91,86,40,5.14,NO,1699992145
332,tamanrasset,22.785,5.5228,18.95,22,0,2.57,DZ,1699992145
333,tara,56.8944,74.371,3.86,78,100,5.83,RU,1699992145
334,gazojak,41.1875,61.4036,11.49,32,0,4.99,TM,1699992146
335,maceio,-9.6658,-35.7353,27.69,78,20,7.72,BR,1699992146
336,pisco,-13.7,-76.2167,22.79,78,11,4.63,PE,1699992146
337,ningbo,29.8782,121.5495,5.99,93,11,1.0,CN,1699992042
338,lusambo,-4.9667,23.45,19.79,99,98,0.18,CD,1699992147
339,saint-pierre,-21.3393,55.4781,24.2,69,100,3.09,RE,1699992147
340,concepcion,-36.827,-73.0498,14.89,51,0,9.77,CL,1699992148
341,santa cruz,-17.8,-63.1667,36.7,41,40,11.83,BO,1699992148
342,maintirano,-18.0667,44.0167,25.86,68,0,6.78,MG,1699992148
343,motygino,58.1831,94.7592,-12.64,98,100,2.05,RU,1699992148
344,kavaratti,10.5669,72.642,28.01,65,96,0.72,IN,1699992149
345,kodinsk,58.6881,99.1844,-11.42,90,73,3.91,RU,1699992149
346,banda aceh,5.5577,95.3222,25.57,86,100,0.8,ID,1699992149
347,jaisalmer,26.9147,70.9181,21.9,28,0,3.96,IN,1699991963
348,san antonio de pale,-1.4014,5.6325,26.6,78,96,5.22,GQ,1699992150
349,queenstown,-31.8976,26.8753,10.09,90,5,1.78,ZA,1699992150
350,upata,8.0086,-62.3989,31.77,34,20,3.06,VE,1699992151
351,kochenevo,55.0218,82.202,2.66,86,96,7.03,RU,1699992151
352,center,31.5107,-96.4247,23.22,54,0,2.57,US,1699992152
353,west island,-12.1568,96.8225,24.99,83,40,3.6,CC,1699992152
354,kiunga,-6.1219,141.2906,22.49,99,100,0.05,PG,1699992152
355,pandan,14.0453,124.1694,26.76,87,100,7.46,PH,1699992153
356,sai buri,6.7013,101.6168,25.42,85,97,1.19,TH,1699992153
357,natal,-5.795,-35.2094,29.12,70,40,6.17,BR,1699991883
358,hpa-an,16.8906,97.6333,23.78,89,69,0.86,MM,1699992153
359,manadhoo,5.7667,73.3833,27.55,74,13,1.37,MV,1699992153
360,villa bruzual,9.3328,-69.1208,29.2,70,95,0.62,VE,1699992154
361,pavlovka,52.6897,47.1405,2.2,94,22,3.12,RU,1699992154
362,kalmunai,7.4167,81.8167,25.59,88,98,2.48,LK,1699992154
363,benghazi,32.1167,20.0667,21.64,66,0,4.83,LY,1699992155
364,tura,25.5198,90.2201,18.24,86,59,1.45,IN,1699992155
365,omutinskiy,56.4745,67.6709,4.23,82,100,5.77,RU,1699992155
366,qarazhal,48.0078,70.7903,1.87,73,37,3.76,KZ,1699992093
367,keminmaa,65.8596,24.8228,-18.13,85,0,3.09,FI,1699992155
368,narasapur,16.45,81.6667,24.17,73,99,3.09,IN,1699992156
369,taltal,-25.4,-70.4833,15.6,79,100,4.59,CL,1699992093
370,cervantes,-39.05,-67.3833,23.21,19,7,5.54,AR,1699992156
371,jiutai,44.1525,125.8328,-3.81,90,6,2.96,CN,1699992156
372,tianpeng,30.9866,103.9393,12.02,78,100,1.13,CN,1699992157
373,tuy hoa,13.0833,109.3,24.63,93,99,2.5,VN,1699992158
374,sarupathar,26.1984,93.8094,18.36,83,100,0.53,IN,1699992158
375,tozkhurmato,34.8905,44.6299,23.2,32,99,3.24,IQ,1699992158
376,severo-yeniseyskiy,60.3725,93.0408,-16.35,97,100,2.24,RU,1699992159
377,kirkland lake,48.1446,-80.0377,2.16,69,100,2.57,CA,1699991944
378,tonghua,41.7201,125.9219,-5.44,92,5,0.83,CN,1699992160
379,chernyshevskiy,63.0128,112.4714,-16.27,94,16,3.97,RU,1699992160
380,brandon,27.9378,-82.2859,25.18,91,100,5.14,US,1699991952
381,kudahuvadhoo,2.6708,72.8944,27.41,76,100,1.02,MV,1699992161
382,nacala,-14.5428,40.6728,24.67,69,38,4.18,MZ,1699992161
383,port isabel,26.0734,-97.2086,22.05,80,86,6.26,US,1699992161
384,salekhard,66.53,66.6019,-10.5,98,100,0.78,RU,1699992161
385,danjiangkou,32.5428,111.5086,8.47,76,92,1.18,CN,1699992162
386,tralee,52.2704,-9.7026,9.76,82,37,6.72,IE,1699992164
387,azzaba,36.7394,7.1053,16.89,62,7,1.27,DZ,1699992165
388,happy valley-goose bay,53.3168,-60.3315,-1.83,64,40,3.09,CA,1699992168
389,bucerias,20.75,-105.3333,31.1,74,3,2.2,MX,1699992028
390,susuman,62.7833,148.1667,-35.52,100,85,0.21,RU,1699992169
391,sur,22.5667,59.5289,24.44,53,100,1.02,OM,1699992169
392,lampang,18.3333,99.5,21.36,97,89,1.0,TH,1699992170
393,mersa matruh,31.3525,27.2453,22.11,60,0,4.12,EG,1699992170
394,sirpur,19.4833,79.6,20.73,58,86,1.99,IN,1699992174
395,cotonou,6.3654,2.4183,25.99,89,40,0.51,BJ,1699992174
396,cole harbour,44.6724,-63.4751,4.98,67,90,4.12,CA,1699992178
397,newport,51.5877,-2.9984,13.03,86,58,6.53,GB,1699992179
398,antsiranana,-12.2787,49.2917,24.83,83,2,3.1,MG,1699992179
399,'ali al gharbi,32.4633,46.6864,24.26,27,94,4.19,IQ,1699992180
400,vung tau,10.346,107.0843,27.0,82,69,6.57,VN,1699991933
401,chengde,40.9725,117.9361,0.0,51,0,1.25,CN,1699992181
402,portage la prairie,49.9728,-98.2926,9.05,52,75,7.72,CA,1699992182
403,masterton,-40.9597,175.6575,15.49,62,37,1.98,NZ,1699992183
404,mirnyy,62.5353,113.9611,-13.32,91,84,5.0,RU,1699992184
405,bodo,67.28,14.405,-3.08,61,0,8.75,NO,1699992184
406,zhangzhou,24.5133,117.6556,19.96,82,29,1.25,CN,1699992185
407,makurazaki,31.2667,130.3167,12.79,74,55,3.84,JP,1699992185
408,ballina,-28.8667,153.5667,19.32,91,86,2.49,AU,1699992186
409,goth garelo,27.4352,68.0755,21.59,29,12,2.46,PK,1699992186
410,carnarvon,-24.8667,113.6333,20.45,74,33,5.1,AU,1699992186
411,shingu,33.7333,135.9833,8.36,66,12,2.87,JP,1699992186
412,kapchorwa,1.3965,34.4509,15.4,80,77,1.64,UG,1699992187
413,hun,29.1268,15.9477,19.46,61,0,2.92,LY,1699992187
414,grand falls-windsor,48.9332,-55.6649,1.39,73,95,0.89,CA,1699991952
415,tucuma,-0.1833,-50.05,30.36,58,100,5.02,BR,1699992187
416,portland,45.5234,-122.6762,13.88,70,40,3.6,US,1699991936
417,wafangdian,39.6183,122.0081,3.5,80,10,1.54,CN,1699992188
418,kapa'a,22.0752,-159.319,26.99,73,100,2.68,US,1699992189
419,keren,15.7778,38.4581,23.19,66,34,2.43,ER,1699992189
420,san cristobal,7.7669,-72.225,28.1,57,37,3.33,VE,1699992189
421,tosontsengel,48.7567,98.2839,-20.17,100,99,1.44,MN,1699992189
422,ginir,7.1333,40.7,14.69,83,88,1.91,ET,1699992189
423,sandnessjoen,66.0217,12.6316,-3.94,36,0,1.54,NO,1699992190
424,betio village,1.358,172.9211,29.02,86,100,6.99,KI,1699992190
425,campechuela,20.2342,-77.2789,29.72,68,71,2.1,CU,1699992191
426,praia da vitoria,38.7333,-27.0667,21.14,88,75,9.51,PT,1699992191
427,keflavik,64.0049,-22.5624,6.24,65,75,5.66,IS,1699992191
428,port lincoln,-34.7333,135.8667,14.58,78,100,3.35,AU,1699992192
429,cova figueira,14.8905,-24.2934,24.06,65,27,6.25,CV,1699992192
430,el calafate,-50.3408,-72.2768,5.59,67,70,6.73,AR,1699992192
431,pitogo,13.7847,122.0881,25.27,94,100,5.35,PH,1699992193
432,aljezur,37.3191,-8.8033,17.11,77,79,3.16,PT,1699992193
433,san jose del guaviare,2.5729,-72.6459,29.0,83,62,1.54,CO,1699992194
434,tarawa,1.419,172.984,29.05,79,100,4.63,KI,1699992194
435,emerald,-23.5333,148.1667,21.3,58,0,2.13,AU,1699992195
436,tabou,4.423,-7.3528,25.97,86,100,2.59,CI,1699992195
437,island harbour,50.724,-1.2758,11.66,88,2,2.68,GB,1699992196
438,camocim,-2.9022,-40.8411,29.35,69,26,9.25,BR,1699992196
439,ndele,8.4109,20.6473,22.3,95,88,2.04,CF,1699992197
440,guixi,28.2886,117.2133,9.14,85,0,1.54,CN,1699992197
441,usinsk,65.9939,57.5281,-3.85,97,100,4.47,RU,1699992197
442,pitimbu,-7.4706,-34.8086,29.33,72,89,4.69,BR,1699992198
443,olyokminsk,60.3736,120.4264,-8.2,96,100,1.37,RU,1699992198
444,la passe,45.5549,-0.8967,13.88,82,97,5.83,FR,1699992199
445,segezha,63.7415,34.3222,-1.44,86,100,6.46,RU,1699992199
446,port shepstone,-30.7414,30.455,18.46,67,100,6.01,ZA,1699992200
447,sakassou,7.4546,-5.2926,25.91,73,23,1.18,CI,1699992200
448,leninskoye,41.7589,69.3864,9.16,22,4,2.14,KZ,1699992200
449,fortaleza,-3.7227,-38.5247,29.07,74,0,5.66,BR,1699992108
450,nueve de julio,-35.4444,-60.8831,24.98,35,100,0.89,AR,1699992201
451,burela de cabo,43.65,-7.4,14.54,93,100,2.78,ES,1699992201
452,awjilah,29.1081,21.2869,19.16,57,0,4.3,LY,1699992201
453,howrah,22.5892,88.3103,22.0,83,40,2.06,IN,1699992202
454,hakui,36.8833,136.7833,7.6,78,100,1.93,JP,1699992202
455,bochum,51.4833,7.2167,10.24,98,100,0.45,DE,1699992203
456,ninghai,29.2892,121.4247,8.38,81,32,1.72,CN,1699992203
457,tauranga,-37.6861,176.1667,18.41,79,86,0.89,NZ,1699992203
458,taoudenni,22.6783,-3.9836,26.26,14,0,5.68,ML,1699992204
459,lompoc,34.6391,-120.4579,25.99,43,0,5.66,US,1699992204
460,usogorsk,63.4106,48.6872,-0.74,94,100,2.19,RU,1699992204
461,narrabri,-30.3167,149.7833,21.96,45,98,0.89,AU,1699992205
462,severobaykal'sk,55.65,109.3167,-3.05,74,63,5.2,RU,1699992205
463,chabahar,25.2919,60.643,25.41,53,0,1.41,IR,1699992205
464,tannum sands,-23.9504,151.3693,23.75,83,75,2.06,AU,1699992206
465,bubaque,11.2833,-15.8333,28.79,73,53,4.87,GW,1699992206
466,deschutes river woods,43.9915,-121.3584,9.12,67,20,2.57,US,1699992207
467,enriquillo,17.9,-71.2333,30.82,68,28,5.75,DO,1699992207
468,alofi,-19.0595,-169.9187,25.94,94,75,2.06,NU,1699992207
469,boca chica,18.4537,-69.6111,32.04,70,20,5.14,DO,1699992208
470,shar,49.5886,81.0453,1.32,79,47,3.73,KZ,1699992208
471,wevelgem,50.8325,3.1718,11.7,88,98,7.1,BE,1699992208
472,hotan,37.0997,79.9269,4.82,20,4,0.99,CN,1699992209
473,sunrise manor,36.2111,-115.0731,22.91,23,0,2.68,US,1699992209
474,pakokku,21.3333,95.1,24.68,72,100,0.86,MM,1699992209
475,viqueque,-8.8673,126.3658,24.82,83,17,0.94,TL,1699992210
476,mil'kovo,55.6078,37.7956,3.08,90,100,4.06,RU,1699992210
477,cuyo,10.8525,121.0086,28.76,81,95,9.95,PH,1699992083
478,klodawa,52.2545,18.9135,10.18,76,91,8.81,PL,1699991986
479,thunder bay,48.4001,-89.3168,12.99,47,100,4.12,CA,1699992211
480,khabarovsk,48.4808,135.0928,-13.11,92,0,2.0,RU,1699992211
481,remire-montjoly,4.9167,-52.2667,30.02,70,20,4.63,GF,1699992211
482,quellon,-43.1167,-73.6167,10.57,58,100,5.73,CL,1699992108
483,ingeniero jacobacci,-41.3427,-69.5448,12.36,27,32,10.42,AR,1699992212
484,panorama,40.5878,23.0315,15.25,82,92,1.16,GR,1699992212
485,buala,-8.145,159.5921,26.08,83,87,2.33,SB,1699992212
486,ketchikan,55.3422,-131.6461,3.52,70,100,5.81,US,1699992213
487,sola,-13.8833,167.55,25.29,73,84,4.91,VU,1699992213
488,antigonish,45.6169,-61.9986,4.34,75,100,0.89,CA,1699992213
489,djebeniana,35.035,10.9081,19.89,57,1,5.56,TN,1699992214
490,inongo,-1.95,18.2667,21.78,97,98,2.09,CD,1699992214
491,aranda de duero,41.6704,-3.6892,12.16,87,23,3.15,ES,1699992214
492,port saint john's,-31.6229,29.5448,16.09,76,76,3.41,ZA,1699992215
493,mtwara,-10.2667,40.1833,24.32,94,100,2.44,TZ,1699992215
494,okhotsk,59.3833,143.3,-21.18,89,3,5.83,RU,1699992215
495,lerwick,60.1545,-1.1494,4.0,64,41,3.64,GB,1699992215
496,puerto baquerizo moreno,-0.9,-89.6,28.55,61,75,6.69,EC,1699992199
497,charters towers,-20.1,146.2667,17.94,88,0,2.76,AU,1699992216
498,mogok,22.9167,96.5,15.96,90,100,0.61,MM,1699992216
499,wakkanai,45.4094,141.6739,-0.51,89,100,2.68,JP,1699992217
500,redencao,-4.2258,-38.7306,29.01,60,18,3.73,BR,1699992217
501,la ronge,55.1001,-105.2842,-2.86,86,100,8.75,CA,1699992217
502,caleta de carquin,-11.0925,-77.6267,21.98,72,25,5.11,PE,1699992218
503,codrington,-38.2667,141.9667,8.28,94,100,2.14,AU,1699992218
504,jaltocan,21.15,-98.5333,19.9,89,99,0.55,MX,1699992218
505,kirensk,57.7853,108.1119,-4.46,74,92,4.92,RU,1699992218
506,cicero dantas,-10.6,-38.3833,33.92,25,83,4.39,BR,1699992219
507,isafjordur,66.0755,-23.124,5.16,65,100,4.91,IS,1699992219
508,saint-leu,-21.15,55.2833,23.86,93,94,0.39,RE,1699992219
509,cadale,2.7603,46.3222,26.58,86,31,2.82,SO,1699992219
510,moa,20.6569,-74.9403,28.68,72,68,7.04,CU,1699992219
511,celaya,20.5167,-100.8167,22.09,35,3,3.24,MX,1699991974
512,kavieng,-2.5744,150.7967,27.43,76,48,2.89,PG,1699992220
513,sittwe,20.15,92.9,25.46,77,100,2.33,MM,1699992220
514,rio grande,-32.035,-52.0986,22.06,92,100,3.09,BR,1699992156
515,palo alto,37.4419,-122.143,22.98,57,40,8.75,US,1699992178
516,saurimo,-9.6608,20.3916,18.16,92,45,1.13,AO,1699992220
517,todos santos,23.45,-110.2167,31.14,56,100,2.6,MX,1699991932
518,callao,-12.0667,-77.15,22.16,68,75,3.6,PE,1699992221
519,alesund,62.4723,6.1549,2.41,70,0,4.12,NO,1699992221
520,qoryooley,1.7878,44.53,25.79,83,32,2.65,SO,1699992221
521,coeur d'alene,47.6777,-116.7805,5.35,100,100,3.09,US,1699992192
522,penzance,50.1186,-5.5371,13.76,87,5,10.75,GB,1699992222
523,codajas,-3.8367,-62.0569,40.03,22,2,3.18,BR,1699992222
524,laojunmiao,39.8333,97.7333,-6.49,73,15,7.68,CN,1699992222
525,west fargo,46.875,-96.9004,16.0,43,0,4.12,US,1699992222
526,yuzhno-kurilsk,44.0306,145.8556,2.43,80,88,7.11,RU,1699992222
527,geneseo,42.7959,-77.8169,7.78,65,6,0.89,US,1699992223
528,siguiri,11.6667,-9.5,26.66,18,99,0.46,GN,1699992223
529,buinsk,54.95,48.2833,3.59,89,67,3.57,RU,1699992223
530,ernee,48.2976,-0.9314,11.75,92,19,5.66,FR,1699992223
531,aras-asan,8.8908,126.3033,26.33,83,64,2.68,PH,1699992224
532,fomboni,-12.28,43.7425,27.22,79,52,5.49,KM,1699992224
533,mugia,43.1041,-9.2179,16.2,92,100,1.34,ES,1699992224
534,lastoursville,-0.8143,12.7287,23.5,97,100,1.69,GA,1699992224
535,yichang,30.7144,111.2847,9.41,75,0,0.86,CN,1699992224
536,zemio,5.0314,25.1361,22.28,94,100,0.9,CF,1699992224
537,miracema do tocantins,-9.5618,-48.3967,40.04,17,0,3.73,BR,1699992225
538,pyt-yakh,60.7499,72.8582,-0.19,98,100,6.34,RU,1699992225
539,pangody,65.85,74.4859,-6.5,95,100,6.7,RU,1699992225
540,telciu,47.4333,24.4,7.2,95,100,1.12,RO,1699992225
541,nungwi,-5.7265,39.2987,27.27,83,8,4.39,TZ,1699992226
542,kapit,2.0167,112.9333,24.01,98,85,0.46,MY,1699992226
543,mathba,22.2855,89.9629,21.51,60,99,2.29,BD,1699992226
544,pudozh,61.8099,36.5345,-4.47,97,65,1.34,RU,1699992226
545,senanga,-16.1167,23.2667,22.72,63,92,2.99,ZM,1699992227
546,luwingu,-10.2621,29.9271,18.01,94,85,2.51,ZM,1699992227
547,acapulco de juarez,16.8634,-99.8901,30.55,66,5,2.71,MX,1699991994
548,turkmenbasy,40.0222,52.9552,19.43,39,0,3.09,TM,1699992227
549,tazovsky,67.4667,78.7,-12.08,94,100,7.58,RU,1699992227
550,ishqoshim,36.7248,71.6133,-6.23,43,0,2.11,TJ,1699992227
551,vilyuysk,63.7553,121.6247,-8.89,96,100,2.24,RU,1699992228
552,ponta delgada,37.7333,-25.6667,20.4,100,75,4.12,PT,1699992228
553,hailar,49.2,119.7,-18.67,99,100,1.89,CN,1699992228
554,gryazovets,58.88,40.2525,2.33,95,99,3.35,RU,1699992228
555,ca mau,9.1769,105.15,24.2,96,67,1.94,VN,1699992228
556,mena,51.5217,32.2157,3.97,98,100,1.41,UA,1699992229
557,juan griego,11.0817,-63.9655,28.91,72,7,7.76,VE,1699992229
558,yanchep,-31.55,115.6833,18.86,77,99,6.85,AU,1699992229
559,amalapuram,16.5833,82.0167,24.15,71,88,3.19,IN,1699992093
560,banamba,13.55,-7.45,25.72,12,5,3.77,ML,1699992229
561,kulhudhuffushi,6.6221,73.07,27.85,73,66,1.16,MV,1699992230
562,cannonvale,-20.2833,148.7,22.66,85,0,0.75,AU,1699992230
563,jinshi,29.6049,111.8701,11.06,53,98,0.68,CN,1699992230
564,talodi,10.6325,30.3797,29.87,41,8,1.43,SD,1699992230
565,saint-joseph,-21.3667,55.6167,23.59,80,100,1.62,RE,1699992231
566,lobujya,27.95,86.8167,-6.71,46,85,1.39,NP,1699992231
567,mocorito,25.4833,-107.9167,34.58,22,55,2.2,MX,1699992231
568,szabadszallas,46.8758,19.2232,10.1,79,100,0.51,HU,1699992231
569,isangel,-19.55,169.2667,23.06,78,75,3.09,VU,1699992231
570,corowa,-36.0333,146.3833,8.56,93,28,2.23,AU,1699992232
571,'ain benian,36.8028,2.9219,16.03,77,99,4.18,DZ,1699992232
572,six-fours-les-plages,43.0938,5.84,20.73,80,14,3.13,FR,1699992232
573,ribeira brava,32.65,-17.0667,22.62,66,74,1.97,PT,1699992232
574,rio verde,21.9333,-99.9833,20.9,67,92,2.2,MX,1699992233
575,saudarkrokur,65.7461,-19.6394,-1.05,83,12,4.2,IS,1699992233
576,kuragino,53.8975,92.6725,-5.69,97,100,1.7,RU,1699992233
577,barcelos,41.5388,-8.6151,18.08,100,100,1.23,PT,1699992234
578,corner brook,48.9667,-57.9484,2.09,85,84,1.46,CA,1699992234
579,ust'-ordynskiy,52.805,104.7508,-0.93,77,54,5.8,RU,1699992234
580,keetmanshoop,-26.5833,18.1333,32.51,9,0,3.09,NA,1699992234
581,roma,43.2128,-75.4557,6.09,82,100,4.63,US,1699992234
582,toliara,-23.35,43.6667,23.07,61,0,12.49,MG,1699992234
583,ternate,0.8,127.4,28.38,76,100,3.62,ID,1699992235
584,vorkuta,67.5,64.0,-9.47,96,100,1.75,RU,1699992235
585,xining,36.6167,101.7667,-0.98,91,100,3.01,CN,1699992235
586,swan hill,-35.3378,143.5544,12.08,80,62,1.66,AU,1699992235
587,cottage grove,44.8277,-92.9438,18.57,41,0,8.23,US,1699992235
588,buka,40.8108,69.1986,9.18,27,5,1.65,UZ,1699992236
589,neelankarai,12.9455,80.2575,25.03,94,75,2.57,IN,1699992236
590,aktau,43.65,51.2,14.32,90,43,8.94,KZ,1699992236
